RA, DEC
181.16129, -1.18844
181.16129, -1.18844
7.01299, -8.2162
