RA, DEC
178.364690, -2.027719
178.218423, -2.180722
