RA, DEC
0, -90
0, 90
0, 0
0, 1.12345678
0, -1.12345678
0,    -.12345678
0, -90.00000001
0, 90.00000001
0, 1000
0, -1000
0, 1.123456789
0, -1.12345789
0,
0, 7abc
0, .
0, -  1. 
