RA, DEC
0, -90
0, 90
359.999999, 0
123.123456, 1.123456
1.123456, -1.123456
.123456,    -.123456
-0.000001, -90.000001
360, 90.000001
1000, 1000
-1000, -1000
.1234567, 1.1234567
, -1.1234567
,
7abc, 7abc
., .
1., -  1. 
