RA, DEC
0, -90
0, 90
359.99999999, 0
123.12345678, 1.12345678
1.12345678, -1.12345678
.12345678,    -.12345678
-0.00000001, -90.00000001
360, 90.00000001
1000, 1000
-1000, -1000
.123456789, 1.123456789
, -1.12345789
,
7abc, 7abc
., .
1., -  1. 
