global_object_id,field_id,mean_ra,mean_dcl,sigma_ra,sigma_dcl,n_epochs,flux_u,sigma_flux_u,flux_v,sigma_flux_v,flux_g,sigma_flux_g,flux_r,sigma_flux_r,flux_i,sigma_flux_i,flux_z,sigma_flux_z
619200,79,178.364690600306,-2.02771965,0.0041171373,0.0038423766,3,24.399719,0.73602831,24.399719,0.73602831,55.732307,1.1172473,73.02076,1.2927841,81.542175,1.3399012,85.701721,2.3506517
494784,79,178.218423172288,-2.18072239,0.0034130272,0.00326724,3,10.480083,0.39003178,10.480083,0.39003178,30.382797,0.4455184,45.81086,0.79022598,53.459515,0.99104327,57.249882,1.5036182
580608,79,178.393049974042,-2.05172554,0.0014326957,0.0013157807,3,17.326647,0.57992172,17.326647,0.57992172,162.86984,3.1907384,426.27484,7.2870502,587.50977,9.0046253,722.23035,13.965389
903104,79,178.342494594825,-2.02046791,0.0024223542,0.0022694371,3,52.834545,1.2951554,52.834545,1.2951554,115.53344,2.2747374,162.53964,2.805383,188.45702,2.9390035,197.06956,4.2032766
599616,79,178.3645295208,-2.0385305,0.0011794067,0.0010938129,3,144.70454,3.1722064,144.70454,3.1722064,410.36923,8.0007677,596.8996,10.188727,679.94812,10.41115,719.27014,13.909339
