RA, DEC
0, 0
359.999999, 0
123.123456, 0
1.123456, 0
.123456, 0
     .123456    , 0
-0.000001, 0
360, 0
1000, 0
.1234567, 0
,0
7abc, 0
., 0
 1.   , 0

