RA, DEC
0, -90
0, 90
0, 0
0, 1.123456
0, -1.123456
0,    -.123456
0, -90.000001
0, 90.000001
0, 1000
0, -1000
0, 1.1234567
0, -1.1234567
0,
0, 7abc
0, .
0, -  1. 
