RA, DEC
0, 0
359.99999999, 0
123.12345678, 0 
1.12345678, 0
.12345678, 0
     .12345678    , 0
-0.00000001, 0
360, 0
1000, 0
.123456789, 0
,0
7abc, 0
., 0
 1.   , 0

